date,open,close,high,low,volume,amount,capital
2025-01-02,15.4800,14.4400,15.5700,14.2500,402383.4600,593874.8410,37528.4000
2025-01-03,14.4900,15.4500,15.8900,13.8600,860154.1200,1317555.8010,37528.4000
2025-01-06,15.1300,16.0600,16.5200,14.5700,779514.9600,1216509.4810,37528.4000
2025-01-07,16.1100,17.6700,17.6700,15.8700,685739.1100,1142262.9780,37528.4000
2025-01-08,17.6700,17.3300,19.0100,17.0100,1176663.5900,2089520.6050,37528.4000
2025-01-09,17.0700,17.1400,17.9100,16.8500,804390.8300,1399272.1840,37528.4000
2025-01-10,16.7900,16.8000,18.5600,16.7700,858837.4600,1512769.2130,37528.4000
2025-01-13,16.6400,17.3700,17.4200,15.4500,754009.8500,1230538.7550,37528.4000
2025-01-14,17.2700,17.8200,17.9700,17.0200,861141.6400,1519631.5030,37528.4000
2025-01-15,17.4900,18.1400,18.5700,17.1900,808612.1700,1453485.8810,37528.4000
2025-01-16,18.1900,17.6600,18.4600,17.1000,638508.9000,1135540.8650,37528.4000
2025-01-17,17.1500,19.4200,19.4200,16.8400,597572.0700,1100665.8690,37528.4000
2025-01-20,20.8600,18.8900,20.9600,18.7800,1303810.2500,2618779.3720,37528.4000
2025-01-21,18.8900,19.6600,20.2900,18.8400,1062462.2300,2073362.7560,37528.4000
2025-01-22,18.9000,17.8800,18.9100,17.7200,800836.3000,1470763.8820,37528.4000
2025-01-23,18.1800,17.3500,18.3700,17.3200,591170.2100,1056937.8170,37528.4000
2025-01-24,17.0200,17.6200,17.6400,17.0200,436646.1500,760329.0980,37528.4000
2025-01-27,17.4700,17.1000,17.9300,17.1000,354807.5800,625339.6650,37528.4000
2025-02-05,17.4200,18.1100,18.2700,17.1700,468515.4100,835118.7440,37528.4000
2025-02-06,17.7700,18.9600,19.0600,17.7500,672904.0100,1267375.5170,37528.4000
2025-02-07,18.7700,18.8400,19.2000,18.3700,724931.9000,1373488.2280,37528.4000
2025-02-10,18.7400,19.0100,19.1200,18.5100,539350.1700,1021646.1500,37528.4000
2025-02-11,18.8200,18.4400,18.8400,18.3800,363683.2700,675675.1910,37528.4000
2025-02-12,18.3300,19.0300,19.0300,18.2300,492826.2600,922993.3810,37528.4000
2025-02-13,18.8100,18.3000,18.9100,18.2500,369721.4400,684834.8280,37528.4000
2025-02-14,18.1100,17.6700,18.1200,17.5300,352962.6900,627131.4250,37528.4000
2025-02-17,17.5700,18.0500,18.1200,17.5700,261093.5200,469416.5480,37528.4000
2025-02-18,17.9600,16.8400,18.0400,16.8200,373198.1800,649199.1800,37528.4000
2025-02-19,16.8500,17.4100,17.4800,16.8500,292062.0000,506764.1400,37528.4000
2025-02-20,17.3700,17.3900,17.4800,17.1400,217623.0200,377386.4600,37528.4000
2025-02-21,17.4800,17.7600,17.9300,17.3000,365314.5900,648722.3030,37528.4000
2025-02-24,17.5900,17.7600,17.8200,17.3900,273282.8200,482614.7570,37528.4000
2025-02-25,17.2400,18.1300,18.5400,17.2200,413006.1200,747140.0550,37528.4000
2025-02-26,18.1100,18.8000,19.1200,17.8200,544605.6500,1006108.2920,37528.4000
2025-02-27,18.6100,18.6300,18.8400,18.1700,387062.3600,717485.1330,37528.4000
2025-02-28,18.3500,18.6100,19.3200,17.8400,678177.4600,1276844.8780,37528.4000
2025-03-03,18.6000,18.8200,19.3800,18.3500,547896.4400,1034870.4370,37528.4000
2025-03-04,18.4300,19.8100,20.1100,18.2500,826602.6300,1609022.3610,37528.4000
2025-03-05,19.6200,19.1200,19.6200,18.6900,606450.8100,1163037.5600,37528.4000
2025-03-06,19.1700,19.2100,19.4600,18.8900,565606.9900,1088630.3080,37528.4000
2025-03-07,18.9400,18.6200,19.1500,18.3900,384785.0400,724879.1960,37528.4000
2025-03-10,18.5600,18.7300,18.8100,18.3400,249244.7700,464152.7360,37528.4000
2025-03-11,18.4200,18.4800,18.6600,18.2500,199832.8600,369214.6400,37528.4000
2025-03-12,18.7500,18.4700,18.7500,18.4700,211407.8600,393731.6980,37528.4000
2025-03-13,18.2900,17.7000,18.3200,17.5700,275001.1100,490197.5990,37528.4000
2025-03-14,17.5900,18.1500,18.1900,17.5700,217997.6400,394116.9380,37528.4000
2025-03-17,18.1900,18.0700,18.2700,18.0100,145418.4800,264110.4730,37528.4000
2025-03-18,18.0700,18.1400,18.2900,18.0000,128193.1000,232764.7030,37528.4000
2025-03-19,18.1400,17.8800,18.1400,17.7700,136614.4400,245225.4240,37528.4000
2025-03-20,17.8700,17.7600,18.0600,17.7400,119168.8200,213890.9490,37528.4000
2025-03-21,17.6100,17.0700,17.7500,17.0300,198852.2700,344216.7540,37528.4000
2025-03-24,17.0300,16.9500,17.1300,16.1900,174261.8700,290934.9020,37528.4000
2025-03-25,16.7200,16.3300,16.8500,16.3000,125493.7800,207677.5480,37528.4000
2025-03-26,16.3300,16.5600,16.6300,16.3300,99640.6400,165076.0760,37528.4000
2025-03-27,16.4200,16.7100,16.9600,16.3500,129113.5700,216002.4620,37528.4000
2025-03-28,16.7400,16.9500,17.2000,16.6500,173517.2000,294689.3270,37528.4000
2025-03-31,16.7900,16.8600,17.0400,16.5600,124238.0000,209211.2460,37528.4000
2025-04-01,16.7900,17.0100,17.0200,16.7300,109301.0000,184768.8130,37528.4000
2025-04-02,16.9800,16.7500,17.0700,16.7400,91214.0000,154700.7040,37528.4000
2025-04-03,16.4300,16.0300,16.7500,16.0300,137602.7400,225160.4200,37528.4000
2025-04-07,14.8000,14.4200,14.8200,14.4200,113518.0000,165281.8620,37528.4000
2025-04-08,13.9700,14.0100,14.6700,13.4700,184298.5800,259974.0300,37528.4000
2025-04-09,13.5900,14.2600,14.4100,12.6600,187687.7300,260292.1100,37528.4000
2025-04-10,14.5700,14.5400,14.9500,14.3700,171807.9000,252976.4150,37528.4000
2025-04-11,14.3700,15.2700,15.4700,14.3000,307151.9500,464740.1270,37528.4000
2025-04-14,15.5500,15.2700,15.6300,15.1500,232840.7600,357973.4490,37528.4000
2025-04-15,15.2500,15.1100,15.2500,14.9300,130129.4800,196616.1980,37528.4000
2025-04-16,15.0800,14.9400,15.2600,14.7500,94550.8600,142134.7430,37528.4000
2025-04-17,14.7900,14.9200,15.1700,14.7700,92776.0000,139866.1390,37528.4000
2025-04-18,14.8400,14.8400,14.9900,14.7100,76264.7400,113273.2930,37528.4000
2025-04-21,14.8000,15.1200,15.1200,14.8000,78623.8800,118291.6810,37528.4000
2025-04-22,15.0500,15.1400,15.2400,15.0100,93688.2300,142117.3280,37528.4000
2025-04-23,15.2100,15.2100,15.2700,15.0700,95800.9700,145815.1280,37528.4000
2025-04-24,15.2600,14.8600,15.2600,14.7800,99674.5100,149200.9370,37528.4000
2025-04-25,14.9900,15.1500,15.3200,14.8800,127163.4400,193130.5120,37528.4000
2025-04-28,15.1200,14.8900,15.1800,14.8800,78041.3700,117168.4650,37528.4000
2025-04-29,14.8900,15.0000,15.0400,14.7500,68584.8200,102804.2250,37528.4000
2025-04-30,15.0900,15.2600,15.3000,15.0200,96990.0000,148025.7440,37528.4000
2025-05-06,15.3900,15.7200,15.7500,15.3000,149145.8200,232371.1010,37528.4000
2025-05-07,15.8100,15.6700,15.9500,15.4800,143729.9200,226072.3340,37528.4000
2025-05-08,15.6400,15.8800,15.9400,15.5500,127467.0000,201979.9370,37528.4000
2025-05-09,15.8700,15.6300,15.8800,15.5200,84907.4100,132761.2540,37528.4000
2025-05-12,15.7800,15.7800,15.8500,15.6700,84917.3700,133716.6680,37528.4000
2025-05-13,15.9000,15.6700,15.9400,15.6500,81982.0000,129185.9760,37528.4000
2025-05-14,15.6800,15.7000,15.8200,15.5900,72776.0000,114186.5240,37528.4000
2025-05-15,15.6300,15.4300,15.6600,15.4100,69535.3800,107764.7790,37528.4000
2025-05-16,15.4400,15.4600,15.5800,15.4300,56314.2000,87411.9360,37528.4000
2025-05-19,15.5300,15.5200,15.5600,15.3100,56805.9900,87859.6210,37528.4000
2025-05-20,15.5500,15.7200,15.8600,15.4500,103763.0000,162755.4730,37528.4000
2025-05-21,15.6200,15.5100,15.7100,15.4100,77146.6200,119671.7890,37528.4000
2025-05-22,15.5000,15.3700,15.8000,15.3700,108672.6400,169416.8360,37528.4000
2025-05-23,15.3000,15.0300,15.4100,15.0200,95133.9200,144737.3650,37528.4000
2025-05-26,15.0800,15.2700,15.3300,15.0800,75948.9700,115656.8390,37528.4000
2025-05-27,15.2100,15.0500,15.2400,15.0200,59277.9900,89452.7270,37528.4000
2025-05-28,15.0800,14.9000,15.1800,14.8700,55393.0000,82888.1620,37528.4000
2025-05-29,14.9500,15.2400,15.2400,14.9100,83533.3900,126627.6830,37528.4000
2025-05-30,15.1600,14.8500,15.2100,14.8100,75381.2000,112584.5910,37528.4000
2025-06-03,14.8000,14.8200,14.9500,14.7000,41935.0000,62276.6360,37528.4000
2025-06-04,14.8800,14.9200,14.9800,14.8100,46904.0000,69977.9300,37528.4000
2025-06-05,14.9000,15.1200,15.1500,14.8100,72021.5000,108107.0350,37528.4000
2025-06-06,15.1300,15.3000,15.5600,15.0500,157972.0400,242015.2340,37528.4000
2025-06-09,15.2600,15.3200,15.3700,15.2100,98945.0000,151273.4620,37528.4000
2025-06-10,15.2600,15.0400,15.3300,14.8600,94227.2300,142149.7150,37528.4000
2025-06-11,15.0500,15.7700,16.5400,15.0100,441649.6400,701319.7880,37528.4000
2025-06-12,15.6800,15.8600,16.0100,15.4700,312145.1200,492767.8960,37528.4000
2025-06-13,15.7000,15.7700,16.1000,15.7000,242295.7800,385012.7560,37528.4000
2025-06-16,15.5700,15.7000,15.9500,15.5700,183288.8100,289219.7700,37528.4000
2025-06-17,15.7500,16.3000,16.3300,15.7500,386424.0200,621079.2560,37528.4000
2025-06-18,16.1000,16.7500,16.9000,16.0100,451717.5100,744947.4670,37528.4000
2025-06-19,16.5500,16.4200,16.9900,16.2800,366440.1800,608535.3930,37528.4000
2025-06-20,16.2200,16.6200,17.5000,16.1400,408138.6300,682998.5450,37528.4000
2025-06-23,16.0600,16.8700,17.0600,16.0200,369025.9000,617926.5950,37528.4000
2025-06-24,16.9000,17.4200,17.6400,16.8000,523431.1500,902348.7500,37528.4000
2025-06-25,17.2700,17.3500,17.6600,17.0200,442247.5400,764735.5080,37528.4000
2025-06-26,17.3000,16.9000,17.4900,16.8500,379024.5000,651617.5190,37528.4000
2025-06-27,16.9800,17.0600,17.2900,16.8000,277236.7800,472417.1110,37528.4000
2025-06-30,17.0100,17.0900,17.2800,16.9500,238217.5900,406903.2370,37528.4000
2025-07-01,17.1000,17.6900,17.7500,16.9700,562843.4300,987669.5280,37528.4000
2025-07-02,17.4700,16.9600,17.4700,16.8300,333378.5000,571627.1090,37528.4000
2025-07-03,16.9600,16.9600,17.2000,16.8000,171672.5300,291643.0870,37528.4000
2025-07-04,16.9700,16.9500,17.3000,16.5700,262263.0100,443709.6080,37528.4000
2025-07-07,16.9000,16.7000,16.9000,16.6600,132258.3900,221366.7440,37528.4000
2025-07-08,16.7900,16.9100,16.9800,16.7500,144185.6500,243441.6730,37528.4000
2025-07-09,16.8500,16.4500,16.9000,16.3900,247990.0000,411459.4730,37528.4000
2025-07-10,16.4200,16.5200,16.5300,16.2900,116459.6500,191515.9220,37528.4000
2025-07-11,16.5300,16.6500,16.7400,16.2800,147409.0000,244558.6790,37528.4000
2025-07-14,16.7000,16.5600,16.7000,16.5100,81255.0000,134669.3310,37528.4000
2025-07-15,16.5500,16.4600,16.6200,16.3200,87697.8600,144289.9340,37528.4000
2025-07-16,16.4700,16.5300,16.7300,16.3400,98557.2300,163539.5780,37528.4000
2025-07-17,16.4200,16.6500,16.7000,16.4200,96919.9300,160778.3560,37528.4000
2025-07-18,16.6200,16.5500,16.7400,16.4800,90087.0000,149422.7040,37528.4000
2025-07-21,16.6600,16.7100,16.7300,16.5100,97947.8600,163104.1640,37528.4000
2025-07-22,16.7000,16.6000,16.7400,16.5300,96407.9800,160348.1470,37528.4000
2025-07-23,16.5900,16.3100,16.6000,16.3100,120855.3800,198680.0240,37528.4000
2025-07-24,16.3000,16.5300,16.5700,16.2600,97030.1000,159937.3890,37528.4000
2025-07-25,16.5800,16.8700,16.9600,16.5000,209617.7600,352214.8650,37528.4000
2025-07-28,16.8900,16.8800,16.9300,16.7300,119001.0100,200400.7610,37528.4000
2025-07-29,16.8500,16.9200,16.9800,16.7400,131341.9300,221389.6980,37528.4000
2025-07-30,16.9200,16.7800,16.9900,16.6300,133643.2200,224844.6620,37528.4000
2025-07-31,16.6300,16.6600,17.1300,16.6200,124163.4200,208221.6360,37528.4000
2025-08-01,16.6100,16.4100,16.7300,16.4000,98752.4900,163168.6140,37528.4000
2025-08-04,16.3000,16.5200,16.5400,16.2700,62899.0700,103496.1280,37528.4000
2025-08-05,16.5300,16.8000,16.9500,16.4800,144843.4200,241961.8120,37528.4000
2025-08-06,16.8000,16.9500,16.9900,16.6700,160503.1400,270883.5810,37528.4000
2025-08-07,16.7500,16.9700,17.1200,16.6600,264556.3800,447757.9670,37528.4000
2025-08-08,16.8800,16.5700,16.9400,16.5500,149531.1800,249781.3470,37528.4000
2025-08-11,16.5700,17.1400,17.5000,16.5500,284297.7000,485238.0300,37528.4000
2025-08-12,17.1500,17.2100,17.2900,17.0200,211210.5700,362434.0500,37528.4000
2025-08-13,17.2100,17.1900,17.2600,17.0400,164652.9100,282298.5790,37528.4000
2025-08-14,17.2000,16.8600,17.3000,16.8200,186636.4300,318863.7980,37528.4000
2025-08-15,16.8200,17.0800,17.2800,16.7500,149914.0000,255526.9130,37528.4000
2025-08-18,17.1200,17.2800,17.4000,17.0600,249670.4900,430857.5450,37528.4000
2025-08-19,17.2900,17.3700,17.4900,17.1600,217531.4800,377268.4090,37528.4000
2025-08-20,17.3200,17.7400,17.7800,17.2100,345733.6500,606896.9170,37528.4000
2025-08-21,17.7400,17.5000,17.8700,17.4000,265314.1300,467579.3850,37528.4000
2025-08-22,17.5200,18.0400,18.0800,17.5000,464930.3800,829594.0520,37528.4000
2025-08-25,18.2200,17.9200,18.2400,17.7100,403619.1300,723025.6910,37528.4000
2025-08-26,17.7700,17.6800,17.9200,17.5300,238583.5100,422407.0520,37528.4000
2025-08-27,17.7000,17.1200,17.9500,17.1200,311572.1100,549275.5800,37528.4000
2025-08-28,17.1300,17.7700,17.7800,17.0700,289030.5500,504749.6500,37528.4000
2025-08-29,17.6000,17.4200,17.7300,17.3500,191460.4800,334349.3750,37528.4000
2025-09-01,17.5200,17.5800,17.7200,17.3100,191811.1600,336239.1650,37528.4000
2025-09-02,17.3800,16.9100,17.5000,16.8000,189501.7200,323138.4180,37528.4000
2025-09-03,16.9100,16.4600,17.1100,16.3700,141968.6700,238174.9690,37528.4000
2025-09-04,16.4900,15.9500,16.6000,15.7100,155679.0700,252245.8060,37528.4000
2025-09-05,16.0800,16.2900,16.3200,15.9100,108421.7000,175693.1880,37528.4000
2025-09-08,16.2800,16.3400,16.3700,16.1000,107009.1300,173850.5390,37528.4000
2025-09-09,16.3000,15.9600,16.3000,15.9000,106168.7900,170695.4820,37528.4000
2025-09-10,15.9600,16.0000,16.1400,15.9000,78370.6600,125526.1490,37528.4000
2025-09-11,15.9000,16.3900,16.3900,15.8100,150892.3600,244555.3080,37528.4000
2025-09-12,16.3900,16.4300,16.6000,16.2600,140057.1800,230408.0590,37528.4000
2025-09-15,16.7400,16.4200,16.8000,16.3900,121200.0000,199881.0870,37528.4000
2025-09-16,16.3100,16.4700,16.5000,16.2800,92473.5100,151881.0020,37528.4000
2025-09-17,16.4400,16.5600,16.6500,16.3300,110925.9900,183529.8190,37528.4000
2025-09-18,16.5500,16.5700,16.9300,16.3800,211641.4100,354121.2870,37528.4000
2025-09-19,16.4700,16.4800,16.7600,16.4500,122938.1300,204028.9900,37528.4000
2025-09-22,16.4700,16.7000,16.7200,16.3600,103461.8200,172089.9300,37528.4000
2025-09-23,16.6400,16.9600,16.9700,15.9700,226678.2400,374529.5920,37528.4000
2025-09-24,16.8000,17.9700,18.0000,16.7800,574269.3300,1006800.0890,37528.4000
2025-09-25,17.5100,17.7900,17.8400,17.3600,330139.5100,582075.8840,37528.4000
2025-09-26,17.6000,17.6600,17.7900,17.4000,193421.2500,339859.1080,37528.4000
2025-09-29,17.7000,17.6900,17.7400,17.3500,205487.2000,360010.0180,37528.4000
2025-09-30,17.7500,17.6400,18.2400,17.5800,411697.7500,731874.0470,37528.4000
2025-10-09,17.8400,18.4000,18.5000,17.7400,544172.2800,988844.5310,37528.4000
2025-10-10,18.1200,17.6100,18.2600,17.5600,308996.3500,550279.7010,37528.4000
2025-10-13,17.0400,18.1000,18.2000,17.0100,318478.2100,567444.7620,37528.4000
2025-10-14,18.1100,17.8800,18.2300,17.7400,247157.4800,444822.4680,37528.4000
2025-10-15,17.7500,18.1300,18.3000,17.4500,265438.5200,477321.4590,37528.4000
2025-10-16,18.1000,17.9400,18.2000,17.8100,182384.7700,328217.8540,37528.4000
2025-10-17,17.8700,17.4100,18.0400,17.4100,165412.0100,291897.3000,37528.4000
2025-10-20,17.7500,17.7700,18.1500,17.6300,169874.0100,303374.2100,37528.4000
2025-10-21,17.7700,18.3900,18.5000,17.7500,393535.5200,718655.4770,37528.4000
2025-10-22,18.1800,18.0400,18.2200,17.9400,201945.6800,364136.5440,37528.4000
2025-10-23,17.9800,18.0300,18.0400,17.5400,160202.3900,284245.6930,37528.4000
2025-10-24,18.2100,18.5400,18.8000,18.1500,425085.9300,788796.8890,37528.4000
2025-10-27,18.8400,18.9500,19.0800,18.4700,455348.0500,855484.4860,37528.4000
2025-10-28,18.6200,18.7200,19.0400,18.5100,259930.9700,488619.1790,37528.4000
2025-10-29,18.8400,18.6000,19.0800,18.5200,242776.1800,453141.6100,37528.4000
2025-10-30,18.5900,18.2800,18.9700,18.2500,234312.2300,434385.5950,37528.4000
2025-10-31,18.2600,17.9800,18.4000,17.9300,206235.0800,372408.0340,37528.4000
2025-11-03,17.9100,18.3200,18.6900,17.3800,277232.2300,496706.9160,37528.4000
2025-11-04,18.2900,18.0800,18.4400,17.9600,148218.5300,269512.3040,37528.4000
2025-11-05,17.8700,18.1000,18.2000,17.5700,158330.7900,283512.3300,37528.4000
2025-11-06,18.1000,19.1600,19.9100,17.8800,570495.9000,1091216.4550,37528.4000
2025-11-07,19.1500,21.0800,21.0800,18.8200,745913.2600,1475479.6370,37528.4000
2025-11-10,21.0800,20.3000,21.0800,19.9800,737217.4100,1499192.1460,37528.4000
2025-11-11,20.2900,19.8300,20.7400,19.7300,538349.8000,1080617.9130,37528.4000
2025-11-12,19.6500,19.4600,19.9800,19.0600,460243.7900,895064.7280,37528.4000
2025-11-13,19.3600,19.7800,20.8800,19.2000,528088.7400,1053218.6220,37528.4000
2025-11-14,18.7000,17.8100,18.8000,17.8000,545751.5100,990813.8250,37528.4000
2025-11-17,17.9000,17.8700,18.2700,17.7000,235740.5200,421667.5980,37528.4000
2025-11-18,17.7600,17.3500,17.8300,17.2500,243718.0700,426107.5920,37528.4000
2025-11-19,17.3800,16.9800,17.4500,16.8600,212349.5700,362550.1910,37528.4000
2025-11-20,17.2000,16.8300,17.2300,16.8000,138775.6800,235202.6250,37528.4000
2025-11-21,16.5000,15.8600,16.7300,15.7700,249506.8900,402141.1960,37528.4000
2025-11-24,15.8600,15.9800,16.0800,15.7000,140039.1200,222418.1200,37528.4000
2025-11-25,16.2800,16.1100,16.3700,16.0300,146225.3800,237136.8150,37528.4000
2025-11-26,16.1200,15.9700,16.1900,15.9700,122074.6000,196296.1720,37528.4000
2025-11-27,16.0100,16.0500,16.3200,16.0100,144186.2500,233029.0070,37528.4000
2025-11-28,16.0600,16.1700,16.1900,15.9800,99558.8700,160313.2570,37528.4000
2025-12-01,16.1800,16.5500,16.5900,16.1800,181013.7800,297406.0730,37528.4000
2025-12-02,16.4200,16.4500,16.5900,16.4000,102032.7200,167961.4160,37528.4000
2025-12-03,16.5900,16.2300,16.5900,16.1500,115459.8500,188165.4620,37528.4000
2025-12-04,16.1500,16.2500,16.3900,16.0000,106410.8300,172327.3590,37528.4000
2025-12-05,16.3100,16.3100,16.3200,16.0400,89253.5200,144637.8580,37528.4000
2025-12-08,16.3400,16.6200,16.7200,16.3200,153274.3900,253963.7780,37528.4000
2025-12-09,16.5100,16.5500,16.6600,16.4600,91824.3300,152067.3800,37528.4000
2025-12-10,16.5100,16.4800,16.5600,16.2800,86164.9300,141329.7500,37528.4000
2025-12-11,16.5500,16.2200,16.5500,16.2000,87813.0000,143490.4070,37528.4000
2025-12-12,16.1900,16.3500,16.4600,16.1500,82540.3600,134945.3040,37528.4000
2025-12-15,16.2100,16.1700,16.4000,16.1300,72433.3900,117604.2560,37528.4000
2025-12-16,16.0900,15.7100,16.1200,15.6500,110482.8200,174860.1370,37528.4000
2025-12-17,15.7200,15.8500,15.9000,15.3700,106463.4900,166195.2470,37528.4000
2025-12-18,15.7000,16.1100,16.2500,15.6200,115574.5600,185875.1300,37528.4000
2025-12-19,16.1400,16.1100,16.2400,16.0100,94061.4000,151493.9860,37528.4000
2025-12-22,16.1100,16.5200,16.5900,16.0300,139699.1800,229162.2490,37528.4000
2025-12-23,16.4900,16.5200,16.5800,16.3400,102719.7300,169327.2860,37528.4000
2025-12-24,16.5600,16.7500,16.8200,16.5400,120526.4400,201336.5770,37528.4000
2025-12-25,16.7200,16.8600,16.9000,16.7000,106953.7000,179848.4490,37528.4000
2025-12-26,16.9000,16.6600,16.9800,16.5900,113802.0000,190741.9180,37528.4000
2025-12-29,16.6800,16.5600,16.7800,16.5100,71442.0300,118786.0550,37528.4000
2025-12-30,16.5700,16.5400,16.7300,16.5300,73889.6200,122723.7920,37528.4000
2025-12-31,16.6000,16.4700,16.6500,16.4100,75284.9300,124139.4720,37528.4000
2026-01-05,16.6000,16.8900,16.8900,16.5700,135551.6400,227253.4270,37528.4000
2026-01-06,16.9300,17.0100,17.2100,16.8600,167790.3600,286183.1330,37528.4000
2026-01-07,17.2800,17.3500,17.3800,17.0300,267634.5800,461166.1370,37528.4000
2026-01-08,17.3400,17.6800,17.7400,17.2000,268747.7400,470520.2130,37528.4000
2026-01-09,17.5400,18.6800,19.4500,17.4600,688660.1200,1275119.4540,37528.4000
2026-01-12,18.4000,18.8000,18.9500,18.3800,466631.6200,872529.2680,37528.4000
2026-01-13,18.7400,18.0500,18.8800,18.0100,351666.0300,646908.5710,37528.4000
2026-01-14,18.0800,18.0500,18.4400,17.7400,277014.1500,502890.9710,37528.4000
2026-01-15,17.9000,19.8600,19.8600,17.8500,517657.7000,985314.3040,37528.4000
2026-01-16,21.0000,21.8500,21.8500,20.5000,722365.5800,1545319.7380,37528.4000
2026-01-19,23.0300,23.4800,24.0400,22.4200,1536992.8800,3603862.7610,37528.4000
2026-01-20,23.0700,23.9100,25.8100,23.0700,1433943.1300,3497650.6830,37528.4000
2026-01-21,23.9100,24.8800,25.5900,22.6600,1334684.1100,3256408.5140,37528.4000
2026-01-22,25.0000,23.5000,25.1000,22.8000,1075462.3600,2538534.9240,37528.4000
2026-01-23,22.9800,23.4000,23.5000,22.6000,808760.3000,1860383.1240,37528.4000
2026-01-26,23.0900,22.5000,24.0000,22.0800,626355.8400,1439416.4670,37528.4000
2026-01-27,22.1700,24.7500,24.7500,21.8200,946586.7300,2259481.8560,37528.4000
2026-01-28,26.4700,27.2300,27.2300,25.7000,1456643.2500,3907376.1120,37528.4000
2026-01-29,26.4400,25.6100,27.8800,25.4100,1186945.3900,3118772.7130,37528.4000
2026-01-30,25.1600,26.3200,27.2800,25.1600,1002598.8600,2642614.1930,37528.4000
2026-02-02,24.8400,24.7900,26.0400,24.5200,687942.0800,1735967.3420,37528.4000
2026-02-03,25.2300,25.7800,26.3500,24.2100,847949.6400,2141918.2640,37528.4000
2026-02-04,25.5700,25.3600,26.3700,25.0800,636623.8900,1634143.7050,37528.4000
2026-02-05,25.3400,25.6900,26.1600,23.0100,783235.7500,1918031.2670,37528.4000
2026-02-06,24.7800,24.0900,25.2200,23.7800,494843.1000,1199319.6990,37528.4000
2026-02-09,24.5700,24.4300,24.8000,24.0200,413811.8200,1012418.1400,37528.4000
2026-02-10,24.4600,23.0500,24.5000,22.9900,491640.7000,1153685.9020,37528.4000
2026-02-11,22.9500,23.1400,23.9000,22.8000,408420.2000,948447.2710,37528.4000
2026-02-12,23.4600,22.9700,23.6800,22.9600,339592.5000,790236.7220,37528.4000
2026-02-13,22.9500,22.8000,23.4400,22.8000,251185.7700,580511.4050,37528.4000
2026-02-24,23.1000,23.3100,23.5900,22.9600,270203.3800,630012.5740,37528.4000
2026-02-25,23.5200,23.6200,24.1900,22.9600,377753.4300,890901.1700,37528.4000
2026-02-26,23.5100,23.8700,24.1500,23.1400,410484.1800,973988.2890,37528.4000
2026-02-27,23.3000,23.6000,23.7400,22.9300,262346.3700,615242.4910,37528.4000
2026-03-02,22.8500,22.6400,23.3400,22.5900,312816.7600,714733.7780,37528.4000
2026-03-03,22.7500,22.2200,24.1500,22.2000,462697.3700,1067805.5790,37528.4000
2026-03-04,21.8200,22.2300,22.7900,21.8200,251923.6600,563513.7440,37528.4000
2026-03-05,22.7300,22.2500,22.8700,22.1200,247293.4400,556933.0480,37528.4000
